product,tavg,tmin,tmax,prcp,snow,wspd,tsun,pres
Product_A_Winter_Jacket,0.221555241595841,0.37683744803764113,0.3936446631143411,0.5957247105911594,1.0,0.6343918798488551,0.4595991063550651,0.6810844463120669
Product_B_Rain_Boots,0.3282268968536062,0.3822584703493109,0.6503082915218603,1.0,0.47714030165437643,0.6201125213246228,0.39377124053211376,0.6058726255924849
Product_C_Sunglasses,1.0,0.7450520751285702,0.8412171423425128,0.2804449419475892,0.09086133356291515,0.3167557124583348,1.0,0.38671066060409526
